﻿<?xml version="1.0" encoding="utf-8"?>
<root_x0020_>
  <id>bb29e803-7da8-408f-a1af-d6cd54d9f36f</id>
  <testCaseId />
  <testCaseName>ZDelete Action Name</testCaseName>
  <testSuiteName>RTA_Actions_Smoke</testSuiteName>
  <testSource>EXCEL</testSource>
  <testSteps>
    <stepDescription>Click on Define Expand buttonin the RTA Left Navigation</stepDescription>
    <stepNumber>1</stepNumber>
    <actionName>Click</actionName>
    <objectName>Define Expand</objectName>
    <screenName>RTA Left Navigation</screenName>
    <inputData>button</inputData>
    <objectPath>Sys["Process"]("RTA.Client")["WPFObject"]("HwndSource: window")["WPFObject"]("window")["WPFObject"]("ScrollViewer", "", 1)["WPFObject"]("BusyIndicator", "", 1)["WPFObject"]("Grid", "", 1)["WPFObject"]("ContentControl", "", 1)["WPFObject"]("NavigationHierarchyView", "", 1)["WPFObject"]("Grid", "", 1)["WPFObject"]("StackPanel", "", 2)["WPFObject"]("myTreeView")["WPFObject"]("TreeViewItem", "", 2)["WPFObject"]("ContentPresenter", "", 1)</objectPath>
    <xPath />
  </testSteps>
  <testSteps>
    <stepDescription>Click on Actions in the RTA Left Navigation</stepDescription>
    <stepNumber>2</stepNumber>
    <actionName>Click</actionName>
    <objectName>Actions</objectName>
    <screenName>RTA Left Navigation</screenName>
    <inputData>on</inputData>
    <objectPath>Sys["Process"]("RTA.Client")["WPFObject"]("HwndSource: window")["WPFObject"]("window")["WPFObject"]("ScrollViewer", "", 1)["WPFObject"]("BusyIndicator", "", 1)["WPFObject"]("Grid", "", 1)["WPFObject"]("ContentControl", "", 1)["WPFObject"]("NavigationHierarchyView", "", 1)["WPFObject"]("Grid", "", 1)["WPFObject"]("StackPanel", "", 2)["WPFObject"]("myTreeView")["WPFObject"]("TreeViewItem", "", 2)["WPFObject"]("TreeViewItem", "", 1)</objectPath>
    <xPath />
  </testSteps>
  <testSteps>
    <stepDescription>Rightclick on Action name "test" listed in the Actions Page </stepDescription>
    <stepNumber>3</stepNumber>
    <actionName>RightClick</actionName>
    <objectName>Actions</objectName>
    <screenName>Actions</screenName>
    <inputData>Delete Test</inputData>
    <objectPath>Sys["Process"]("RTA.Client")["WPFObject"]("HwndSource: window")["WPFObject"]("window")["WPFObject"]("ScrollViewer", "", 1)["WPFObject"]("BusyIndicator", "", 1)["WPFObject"]("Grid", "", 1)["WPFObject"]("Grid", "", 1)["WPFObject"]("ContentControl", "", 2)["WPFObject"]("ApplicationActionView", "", 1)["WPFObject"]("Grid", "", 1)["WPFObject"]("BusyIndicator", "", 1)["WPFObject"]("dataGrid")["WPFObject"]("DataGridRow", "", 14)["WPFObject"]("DataGridCell", "Delete test", 1)</objectPath>
    <xPath></xPath>
  </testSteps>
  <testSteps>
    <stepDescription>Click on Delete button in the Action Rightclick Menu list</stepDescription>
    <stepNumber>4</stepNumber>
    <actionName>Click</actionName>
    <objectName>Delete</objectName>
    <screenName>Action Rightclick Menu</screenName>
    <inputData>button</inputData>
    <objectPath>Sys["Process"]("RTA.Client")["WPFObject"]("HwndSource: PopupRoot", "")["WPFObject"]("PopupRoot", "", 1)["WPFObject"]("Decorator", "", 1)["WPFObject"]("NonLogicalAdornerDecorator", "", 1)["WPFObject"]("ContextMenu", "", 1)["WPFObject"]("MenuItem", "Delete", 1)</objectPath>
    <xPath />
  </testSteps>
  <testSteps>
    <stepDescription>Click Close button in the Successfull Popup Page </stepDescription>
    <stepNumber>5</stepNumber>
    <actionName>Click</actionName>
    <objectName>Close</objectName>
    <screenName>Successfull Popup</screenName>
    <inputData></inputData>
    <objectPath>Sys["Process"]("RTA.Client")["WPFObject"]("HwndSource: NotificationsWindow", "NotificationsWindow")["WPFObject"]("NotificationsWindow", "NotificationsWindow", 1)["WPFObject"]("Grid", "", 1)["WPFObject"]("NotificationsList")["WPFObject"]("InformationDisplayPart", "", 1)["WPFObject"]("ContentWrapper")["WPFObject"]("ContentContainer")["WPFObject"]("CloseButton")["WPFObject"]("Rectangle", "", 1)</objectPath>
    <xPath />
  </testSteps>
  
  <testSteps>
    <stepDescription>Verify on Action name "test delete" in the Actions Page</stepDescription>
    <stepNumber>6</stepNumber>
    <actionName>Verify</actionName>
    <objectName></objectName>
    <screenName>Actions</screenName>
    <inputData>Delete Test</inputData>
    <objectPath></objectPath>
    <xPath></xPath>
  </testSteps>
</root_x0020_>