﻿<?xml version="1.0" encoding="utf-8"?>
<root_x0020_>
  <id>6f42e298-05ee-4640-bff5-dabe1525f8f1</id>
  <testCaseId />
  <testCaseName>Edit Action Name</testCaseName>
  <testSuiteName>RTA_Actions_Smoke</testSuiteName>
  <testSource>EXCEL</testSource>
  <testSteps>
    <stepDescription>Click on Define Expand buttonin the RTA Left Navigation</stepDescription>
    <stepNumber>1</stepNumber>
    <actionName>Click</actionName>
    <objectName>Define Expand</objectName>
    <screenName>RTA Left Navigation</screenName>
    <inputData>button</inputData>
    <objectPath>Sys["Process"]("RTA.Client")["WPFObject"]("HwndSource: window")["WPFObject"]("window")["WPFObject"]("ScrollViewer", "", 1)["WPFObject"]("BusyIndicator", "", 1)["WPFObject"]("Grid", "", 1)["WPFObject"]("ContentControl", "", 1)["WPFObject"]("NavigationHierarchyView", "", 1)["WPFObject"]("Grid", "", 1)["WPFObject"]("StackPanel", "", 2)["WPFObject"]("myTreeView")["WPFObject"]("TreeViewItem", "", 2)["WPFObject"]("ContentPresenter", "", 1)</objectPath>
    <xPath />
  </testSteps>
  <testSteps>
    <stepDescription>Click on Actions in the RTA Left Navigation</stepDescription>
    <stepNumber>2</stepNumber>
    <actionName>Click</actionName>
    <objectName>Actions</objectName>
    <screenName>RTA Left Navigation</screenName>
    <inputData>on</inputData>
    <objectPath>Sys["Process"]("RTA.Client")["WPFObject"]("HwndSource: window")["WPFObject"]("window")["WPFObject"]("ScrollViewer", "", 1)["WPFObject"]("BusyIndicator", "", 1)["WPFObject"]("Grid", "", 1)["WPFObject"]("ContentControl", "", 1)["WPFObject"]("NavigationHierarchyView", "", 1)["WPFObject"]("Grid", "", 1)["WPFObject"]("StackPanel", "", 2)["WPFObject"]("myTreeView")["WPFObject"]("TreeViewItem", "", 2)["WPFObject"]("TreeViewItem", "", 1)</objectPath>
    <xPath />
  </testSteps>
  <testSteps>
    <stepDescription>Doubleclick on Action name "test" listed in the Actions Page</stepDescription>
    <stepNumber>3</stepNumber>
    <actionName>DoubleClick</actionName>
    <objectName>Actions</objectName>
    <screenName>Actions</screenName>
    <inputData>on</inputData>
    <objectPath>Sys["Process"]("RTA.Client")["WPFObject"]("HwndSource: window")["WPFObject"]("window")["WPFObject"]("ScrollViewer", "", 1)["WPFObject"]("BusyIndicator", "", 1)["WPFObject"]("Grid", "", 1)["WPFObject"]("Grid", "", 1)["WPFObject"]("ContentControl", "", 2)["WPFObject"]("ApplicationActionView", "", 1)["WPFObject"]("Grid", "", 1)["WPFObject"]("BusyIndicator", "", 1)["WPFObject"]("dataGrid")["WPFObject"]("DataGridRow", "",14)["WPFObject"]("DataGridCell", "test", 1)</objectPath>
    <xPath></xPath>
  </testSteps>
  <testSteps>
    <stepDescription>Edit the Action name as "test delete" in the Actions Page</stepDescription>
    <stepNumber>4</stepNumber>
    <actionName>Modify</actionName>
    <objectName>Actions</objectName>
    <screenName>Actions</screenName>
    <inputData>Delete Test</inputData>
    <objectPath>Sys["Process"]("RTA.Client")["WPFObject"]("HwndSource: window")["WPFObject"]("window")["WPFObject"]("ScrollViewer", "", 1)["WPFObject"]("BusyIndicator", "", 1)["WPFObject"]("Grid", "", 1)["WPFObject"]("Grid", "", 1)["WPFObject"]("ContentControl", "", 2)["WPFObject"]("ApplicationActionView", "", 1)["WPFObject"]("Grid", "", 1)["WPFObject"]("BusyIndicator", "", 1)["WPFObject"]("dataGrid")["WPFObject"]("DataGridRow", "",14)["WPFObject"]("DataGridCell", "", 1)["WPFObject"]("TextBox", "", 1)</objectPath>
    <xPath></xPath>
  </testSteps>
  <testSteps>
    <stepDescription>Click on Save button in the Actions Page </stepDescription>
    <stepNumber>5</stepNumber>
    <actionName>Click</actionName>
    <objectName>Save</objectName>
    <screenName>Actions</screenName>
    <inputData>button</inputData>
    <objectPath>Sys["Process"]("RTA.Client")["WPFObject"]("HwndSource: window")["WPFObject"]("window")["WPFObject"]("ScrollViewer", "", 1)["WPFObject"]("BusyIndicator", "", 1)["WPFObject"]("Grid", "", 1)["WPFObject"]("Grid", "", 1)["WPFObject"]("ContentControl", "", 2)["WPFObject"]("ApplicationActionView", "", 1)["WPFObject"]("Grid", "", 1)["WPFObject"]("StackPanel", "", 2)["WPFObject"]("Button", "Save", 1)</objectPath>
    <xPath />
  </testSteps>
  <testSteps>
    <stepDescription>Click Close button in the Successfull Popup Page </stepDescription>
    <stepNumber>6</stepNumber>
    <actionName>Click</actionName>
    <objectName>Close</objectName>
    <screenName>Successfull Popup</screenName>
    <inputData></inputData>
    <objectPath>Sys["Process"]("RTA.Client")["WPFObject"]("HwndSource: NotificationsWindow", "NotificationsWindow")["WPFObject"]("NotificationsWindow", "NotificationsWindow", 1)["WPFObject"]("Grid", "", 1)["WPFObject"]("NotificationsList")["WPFObject"]("InformationDisplayPart", "", 1)["WPFObject"]("ContentWrapper")["WPFObject"]("ContentContainer")["WPFObject"]("CloseButton")["WPFObject"]("Rectangle", "", 1)</objectPath>
    <xPath />
  </testSteps>
</root_x0020_>