﻿<?xml version="1.0" encoding="utf-8"?>
<root_x0020_>
  <id>dfe6378e-fb57-4c18-b6f0-713fe84b9cda</id>
  <testCaseId />
  <testCaseName>Add new Object</testCaseName>
  <testSuiteName>RTA object Smoke</testSuiteName>
  <testSource>EXCEL</testSource>
  <testSteps>
    <stepDescription>Click on Define Expand buttonin the RTA Left Navigation</stepDescription>
    <stepNumber>1</stepNumber>
    <actionName>Click</actionName>
    <objectName>Define Expand</objectName>
    <screenName>RTA Left Navigation</screenName>
    <inputData>button</inputData>
    <objectPath>Sys["Process"]("RTA.Client")["WPFObject"]("HwndSource: window")["WPFObject"]("window")["WPFObject"]("ScrollViewer", "", 1)["WPFObject"]("BusyIndicator", "", 1)["WPFObject"]("Grid", "", 1)["WPFObject"]("ContentControl", "", 1)["WPFObject"]("NavigationHierarchyView", "", 1)["WPFObject"]("Grid", "", 1)["WPFObject"]("StackPanel", "", 2)["WPFObject"]("myTreeView")["WPFObject"]("TreeViewItem", "", 2)["WPFObject"]("ContentPresenter", "", 1)</objectPath>
    <xPath />
  </testSteps>
  <testSteps>
    <stepDescription>Click on Objects in the RTA Left Navigation</stepDescription>
    <stepNumber>2</stepNumber>
    <actionName>Click</actionName>
    <objectName>Objects</objectName>
    <screenName>RTA Left Navigation</screenName>
    <inputData>on</inputData>
    <objectPath>Sys["Process"]("RTA.Client")["WPFObject"]("HwndSource: window")["WPFObject"]("window")["WPFObject"]("ScrollViewer", "", 1)["WPFObject"]("BusyIndicator", "", 1)["WPFObject"]("Grid", "", 1)["WPFObject"]("ContentControl", "", 1)["WPFObject"]("NavigationHierarchyView", "", 1)["WPFObject"]("Grid", "", 1)["WPFObject"]("StackPanel", "", 2)["WPFObject"]("myTreeView")["WPFObject"]("TreeViewItem", "", 2)["WPFObject"]("TreeViewItem", "", 3)</objectPath>
    <xPath />
  </testSteps>
  <testSteps>
    <stepDescription>Click on Add Objects button in the Objects Page</stepDescription>
    <stepNumber>3</stepNumber>
    <actionName>Click</actionName>
    <objectName>Add Objects</objectName>
    <screenName>Objects</screenName>
    <inputData>button</inputData>
    <objectPath>Sys["Process"]("RTA.Client")["WPFObject"]("HwndSource: window")["WPFObject"]("window")["WPFObject"]("ScrollViewer", "", 1)["WPFObject"]("BusyIndicator", "", 1)["WPFObject"]("Grid", "", 1)["WPFObject"]("Grid", "", 1)["WPFObject"]("ContentControl", "", 2)["WPFObject"]("ApplicationObjectView", "", 1)["WPFObject"]("Grid", "", 1)["WPFObject"]("StackPanel", "", 2)["WPFObject"]("Button", "Add Objects", 2)</objectPath>
    <xPath />
  </testSteps>
  <testSteps>
    <stepDescription>Doubleclick on the Screen name in the Objects Page</stepDescription>
    <stepNumber>4</stepNumber>
    <actionName>DoubleClick</actionName>
    <objectName></objectName>
    <screenName>Objects</screenName>
    <inputData>on the</inputData>
    <objectPath>Sys["Process"]("RTA.Client")["WPFObject"]("HwndSource: window")["WPFObject"]("window")["WPFObject"]("ScrollViewer", "", 1)["WPFObject"]("BusyIndicator", "", 1)["WPFObject"]("Grid", "", 1)["WPFObject"]("Grid", "", 1)["WPFObject"]("ContentControl", "", 2)["WPFObject"]("ApplicationObjectView", "", 1)["WPFObject"]("Grid", "", 1)["WPFObject"]("BusyIndicator", "", 1)["WPFObject"]("dataGrid")["WPFObject"]("DataGridRow", "", 141)["WPFObject"]("DataGridCell", "", 1)</objectPath>
    <xPath></xPath>
  </testSteps>
  <testSteps>
    <stepDescription>Click Screen Name dropdown in the Objects Page</stepDescription>
    <stepNumber>5</stepNumber>
    <actionName>Click</actionName>
    <objectName>Screen Name dropdown</objectName>
    <screenName>Objects</screenName>
    <inputData></inputData>
    <objectPath>Sys["Process"]("RTA.Client")["WPFObject"]("HwndSource: window")["WPFObject"]("window")["WPFObject"]("ScrollViewer", "", 1)["WPFObject"]("BusyIndicator", "", 1)["WPFObject"]("Grid", "", 1)["WPFObject"]("Grid", "", 1)["WPFObject"]("ContentControl", "", 2)["WPFObject"]("ApplicationObjectView", "", 1)["WPFObject"]("Grid", "", 1)["WPFObject"]("BusyIndicator", "", 1)["WPFObject"]("dataGrid")["WPFObject"]("DataGridRow", "", 141)["WPFObject"]("DataGridCell", "", 1)["WPFObject"]("ComboBox", "", 1)</objectPath>
    <xPath />
  </testSteps>
  <testSteps>
    <stepDescription>Click on "Login" in the Screen Name dropdown in the Objects Page</stepDescription>
    <stepNumber>6</stepNumber>
    <actionName>Click</actionName>
    <objectName>Screen Name dropdown</objectName>
    <screenName>Objects</screenName>
    <inputData>on "Login" in the</inputData>
    <objectPath>Sys["Process"]("RTA.Client")["WPFObject"]("HwndSource: PopupRoot", "")["WPFObject"]("PopupRoot", "", 1)["WPFObject"]("Decorator", "", 1)["WPFObject"]("NonLogicalAdornerDecorator", "", 1)["WPFObject"]("ComboBoxItem", "", 15)</objectPath>
    <xPath />
  </testSteps>
  <testSteps>
    <stepDescription>Doubleclick on the Object Name in the Objects Page</stepDescription>
    <stepNumber>7</stepNumber>
    <actionName>DoubleClick</actionName>
    <objectName>Object Name</objectName>
    <screenName>Objects</screenName>
    <inputData>on the</inputData>
    <objectPath>Sys["Process"]("RTA.Client")["WPFObject"]("HwndSource: window")["WPFObject"]("window")["WPFObject"]("ScrollViewer", "", 1)["WPFObject"]("BusyIndicator", "", 1)["WPFObject"]("Grid", "", 1)["WPFObject"]("Grid", "", 1)["WPFObject"]("ContentControl", "", 2)["WPFObject"]("ApplicationObjectView", "", 1)["WPFObject"]("Grid", "", 1)["WPFObject"]("BusyIndicator", "", 1)["WPFObject"]("dataGrid")["WPFObject"]("DataGridRow", "", 141)["WPFObject"]("DataGridCell", "", 2)</objectPath>
    <xPath />
  </testSteps>
  <testSteps>
    <stepDescription>Enter the Object Name "test" in the Objects Page</stepDescription>
    <stepNumber>8</stepNumber>
    <actionName>Enter</actionName>
    <objectName>Object Name</objectName>
    <screenName>Objects</screenName>
    <inputData>test</inputData>
    <objectPath>Sys["Process"]("RTA.Client")["WPFObject"]("HwndSource: window")["WPFObject"]("window")["WPFObject"]("ScrollViewer", "", 1)["WPFObject"]("BusyIndicator", "", 1)["WPFObject"]("Grid", "", 1)["WPFObject"]("Grid", "", 1)["WPFObject"]("ContentControl", "", 2)["WPFObject"]("ApplicationObjectView", "", 1)["WPFObject"]("Grid", "", 1)["WPFObject"]("BusyIndicator", "", 1)["WPFObject"]("dataGrid")["WPFObject"]("DataGridRow", "", 141)["WPFObject"]("DataGridCell", "", 2)["WPFObject"]("TextBox", "", 1)</objectPath>
    <xPath />
  </testSteps>
  <testSteps>
    <stepDescription>Doubleclick on Object Path in the Objects Page</stepDescription>
    <stepNumber>9</stepNumber>
    <actionName>DoubleClick</actionName>
    <objectName>Object Path</objectName>
    <screenName>Objects</screenName>
    <inputData>on</inputData>
    <objectPath>Sys["Process"]("RTA.Client")["WPFObject"]("HwndSource: window")["WPFObject"]("window")["WPFObject"]("ScrollViewer", "", 1)["WPFObject"]("BusyIndicator", "", 1)["WPFObject"]("Grid", "", 1)["WPFObject"]("Grid", "", 1)["WPFObject"]("ContentControl", "", 2)["WPFObject"]("ApplicationObjectView", "", 1)["WPFObject"]("Grid", "", 1)["WPFObject"]("BusyIndicator", "", 1)["WPFObject"]("dataGrid")["WPFObject"]("DataGridRow", "", 141)["WPFObject"]("DataGridCell", "", 3)</objectPath>
    <xPath />
  </testSteps>
  <testSteps>
    <stepDescription>Enter the Object Path "test" in the Objects Page</stepDescription>
    <stepNumber>10</stepNumber>
    <actionName>Enter</actionName>
    <objectName>Object Path</objectName>
    <screenName>Objects</screenName>
    <inputData>test</inputData>
    <objectPath>Sys["Process"]("RTA.Client")["WPFObject"]("HwndSource: window")["WPFObject"]("window")["WPFObject"]("ScrollViewer", "", 1)["WPFObject"]("BusyIndicator", "", 1)["WPFObject"]("Grid", "", 1)["WPFObject"]("Grid", "", 1)["WPFObject"]("ContentControl", "", 2)["WPFObject"]("ApplicationObjectView", "", 1)["WPFObject"]("Grid", "", 1)["WPFObject"]("BusyIndicator", "", 1)["WPFObject"]("dataGrid")["WPFObject"]("DataGridRow", "", 141)["WPFObject"]("DataGridCell", "", 3)["WPFObject"]("TextBox", "", 1)</objectPath>
    <xPath />
  </testSteps>
  <testSteps>
    <stepDescription>Doubleclick on the X Path in the Objects Page</stepDescription>
    <stepNumber>11</stepNumber>
    <actionName>DoubleClick</actionName>
    <objectName>X Path</objectName>
    <screenName>Objects</screenName>
    <inputData>on the</inputData>
    <objectPath>Sys["Process"]("RTA.Client")["WPFObject"]("HwndSource: window")["WPFObject"]("window")["WPFObject"]("ScrollViewer", "", 1)["WPFObject"]("BusyIndicator", "", 1)["WPFObject"]("Grid", "", 1)["WPFObject"]("Grid", "", 1)["WPFObject"]("ContentControl", "", 2)["WPFObject"]("ApplicationObjectView", "", 1)["WPFObject"]("Grid", "", 1)["WPFObject"]("BusyIndicator", "", 1)["WPFObject"]("dataGrid")["WPFObject"]("DataGridRow", "", 141)["WPFObject"]("DataGridCell", "", 4)</objectPath>
    <xPath />
  </testSteps>
  <testSteps>
    <stepDescription>Enter the X Path  "test" in the Objects Page</stepDescription>
    <stepNumber>12</stepNumber>
    <actionName>Enter</actionName>
    <objectName>X Path</objectName>
    <screenName>Objects</screenName>
    <inputData>test</inputData>
    <objectPath>Sys["Process"]("RTA.Client")["WPFObject"]("HwndSource: window")["WPFObject"]("window")["WPFObject"]("ScrollViewer", "", 1)["WPFObject"]("BusyIndicator", "", 1)["WPFObject"]("Grid", "", 1)["WPFObject"]("Grid", "", 1)["WPFObject"]("ContentControl", "", 2)["WPFObject"]("ApplicationObjectView", "", 1)["WPFObject"]("Grid", "", 1)["WPFObject"]("BusyIndicator", "", 1)["WPFObject"]("dataGrid")["WPFObject"]("DataGridRow", "", 141)["WPFObject"]("DataGridCell", "", 4)["WPFObject"]("TextBox", "", 1)</objectPath>
    <xPath />
  </testSteps>
  <testSteps>
    <stepDescription>Click on Save button in the Objects Page</stepDescription>
    <stepNumber>13</stepNumber>
    <actionName>Click</actionName>
    <objectName>Save</objectName>
    <screenName>Objects</screenName>
    <inputData>button</inputData>
    <objectPath>Sys["Process"]("RTA.Client")["WPFObject"]("HwndSource: window")["WPFObject"]("window")["WPFObject"]("ScrollViewer", "", 1)["WPFObject"]("BusyIndicator", "", 1)["WPFObject"]("Grid", "", 1)["WPFObject"]("Grid", "", 1)["WPFObject"]("ContentControl", "", 2)["WPFObject"]("ApplicationObjectView", "", 1)["WPFObject"]("Grid", "", 1)["WPFObject"]("StackPanel", "", 2)["WPFObject"]("Button", "Save", 1)</objectPath>
    <xPath />
  </testSteps>
  <testSteps>
    <stepDescription>Click Close button in the Successfull Popup Page</stepDescription>
    <stepNumber>14</stepNumber>
    <actionName>Click</actionName>
    <objectName>Close</objectName>
    <screenName>Successfull Popup</screenName>
    <inputData></inputData>
    <objectPath>Sys["Process"]("RTA.Client")["WPFObject"]("HwndSource: NotificationsWindow", "NotificationsWindow", 1)["WPFObject"]("NotificationsWindow", "NotificationsWindow", 1)["WPFObject"]("Grid", "", 1)["WPFObject"]("NotificationsList")["WPFObject"]("InformationDisplayPart", "", 1)["WPFObject"]("ContentWrapper")["WPFObject"]("ContentContainer")["WPFObject"]("CloseButton")</objectPath>
    <xPath />
  </testSteps>
</root_x0020_>