﻿<?xml version="1.0" encoding="utf-8"?>
<root_x0020_>
  <id>bae3652a-cf55-4f02-b95e-00267ae0342b</id>
  <testCaseId />
  <testCaseName>Delete Object</testCaseName>
  <testSuiteName>RTA object Smoke</testSuiteName>
  <testSource>EXCEL</testSource>
  <testSteps>
    <stepDescription>Click on Define Expand buttonin the RTA Left Navigation</stepDescription>
    <stepNumber>1</stepNumber>
    <actionName></actionName>
    <objectName>Define Expand</objectName>
    <screenName>RTA Left Navigation</screenName>
    <inputData>button</inputData>
    <objectPath></objectPath>
    <xPath />
  </testSteps>
  <testSteps>
    <stepDescription>Click on Objects in the RTA Left Navigation</stepDescription>
    <stepNumber>2</stepNumber>
    <actionName></actionName>
    <objectName>Objects</objectName>
    <screenName>RTA Left Navigation</screenName>
    <inputData>on</inputData>
    <objectPath></objectPath>
    <xPath />
  </testSteps>
  <testSteps>
    <stepDescription>Rightclick on Object Name "test" in the Objects Page</stepDescription>
    <stepNumber>3</stepNumber>
    <actionName>RightClick</actionName>
    <objectName>Object Name</objectName>
    <screenName>Objects</screenName>
    <inputData>test 22</inputData>
    <objectPath>Sys["Process"]("RTA.Client")["WPFObject"]("HwndSource: window")["WPFObject"]("window")["WPFObject"]("ScrollViewer", "", 1)["WPFObject"]("BusyIndicator", "", 1)["WPFObject"]("Grid", "", 1)["WPFObject"]("Grid", "", 1)["WPFObject"]("ContentControl", "", 2)["WPFObject"]("ApplicationObjectView", "", 1)["WPFObject"]("Grid", "", 1)["WPFObject"]("BusyIndicator", "", 1)["WPFObject"]("dataGrid")["WPFObject"]("DataGridRow", "", 141)["WPFObject"]("DataGridCell", "test 22", 2)</objectPath>
    <xPath />
  </testSteps>
  <testSteps>
    <stepDescription>Click on Delete button in the Object Rightclick Menu list</stepDescription>
    <stepNumber>4</stepNumber>
    <actionName>Click</actionName>
    <objectName>Delete</objectName>
    <screenName>Object Rightclick Menu</screenName>
    <inputData>button</inputData>
    <objectPath>Sys["Process"]("RTA.Client")["WPFObject"]("HwndSource: PopupRoot", "")["WPFObject"]("PopupRoot", "", 1)["WPFObject"]("Decorator", "", 1)["WPFObject"]("NonLogicalAdornerDecorator", "", 1)["WPFObject"]("ContextMenu", "", 1)["WPFObject"]("MenuItem", "Delete", 1)</objectPath>
    <xPath />
  </testSteps>
  <testSteps>
    <stepDescription>Click Close button in the Successfull Popup Page</stepDescription>
    <stepNumber>5</stepNumber>
    <actionName>Click</actionName>
    <objectName>Close</objectName>
    <screenName>Successfull Popup</screenName>
    <inputData></inputData>
    <objectPath>Sys["Process"]("RTA.Client")["WPFObject"]("HwndSource: NotificationsWindow", "NotificationsWindow", 1)["WPFObject"]("NotificationsWindow", "NotificationsWindow", 1)["WPFObject"]("Grid", "", 1)["WPFObject"]("NotificationsList")["WPFObject"]("InformationDisplayPart", "", 1)["WPFObject"]("ContentWrapper")["WPFObject"]("ContentContainer")["WPFObject"]("CloseButton")</objectPath>
    <xPath />
  </testSteps>
  <testSteps>
    <stepDescription>Verify Object Name "test" in the Objects Page</stepDescription>
    <stepNumber>6</stepNumber>
    <actionName>Verify</actionName>
    <objectName>Object Name</objectName>
    <screenName>Objects</screenName>
    <inputData>test</inputData>
    <objectPath></objectPath>
    <xPath />
  </testSteps>
</root_x0020_>