﻿<?xml version="1.0" encoding="utf-8"?>
<root_x0020_>
  <id>8b3131d0-fcca-413a-b5d2-34e802a7062b</id>
  <testCaseId />
  <testCaseName>Edit Screen Name in the listed objects</testCaseName>
  <testSuiteName>RTA object Smoke</testSuiteName>
  <testSource>EXCEL</testSource>
  <testSteps>
    <stepDescription>Click on Define Expand buttonin the RTA Left Navigation</stepDescription>
    <stepNumber>1</stepNumber>
    <actionName></actionName>
    <objectName>Define Expand</objectName>
    <screenName>RTA Left Navigation</screenName>
    <inputData>button</inputData>
    <objectPath></objectPath>
    <xPath />
  </testSteps>
  <testSteps>
    <stepDescription>Click on Objects in the RTA Left Navigation</stepDescription>
    <stepNumber>2</stepNumber>
    <actionName></actionName>
    <objectName>Objects</objectName>
    <screenName>RTA Left Navigation</screenName>
    <inputData>on</inputData>
    <objectPath></objectPath>
    <xPath />
  </testSteps>
  <testSteps>
    <stepDescription>Doubleclick on Object Name "test 22"in the Objects Page</stepDescription>
    <stepNumber>3</stepNumber>
    <actionName>DoubleClick</actionName>
    <objectName>Object Name</objectName>
    <screenName>Objects</screenName>
    <inputData>test</inputData>
    <objectPath>Sys["Process"]("RTA.Client")["WPFObject"]("HwndSource: window")["WPFObject"]("window")["WPFObject"]("ScrollViewer", "", 1)["WPFObject"]("BusyIndicator", "", 1)["WPFObject"]("Grid", "", 1)["WPFObject"]("Grid", "", 1)["WPFObject"]("ContentControl", "", 2)["WPFObject"]("ApplicationObjectView", "", 1)["WPFObject"]("Grid", "", 1)["WPFObject"]("BusyIndicator", "", 1)["WPFObject"]("dataGrid")["WPFObject"]("DataGridRow", "", 141)["WPFObject"]("DataGridCell", "", 1)</objectPath>
    <xPath />
  </testSteps>
  <testSteps>
    <stepDescription>Click on  Screen Name dropdown in the Objects Page</stepDescription>
    <stepNumber>4</stepNumber>
    <actionName>Click</actionName>
    <objectName>Screen Name dropdown</objectName>
    <screenName>Objects</screenName>
    <inputData>on</inputData>
    <objectPath>Sys["Process"]("RTA.Client")["WPFObject"]("HwndSource: window")["WPFObject"]("window")["WPFObject"]("ScrollViewer", "", 1)["WPFObject"]("BusyIndicator", "", 1)["WPFObject"]("Grid", "", 1)["WPFObject"]("Grid", "", 1)["WPFObject"]("ContentControl", "", 2)["WPFObject"]("ApplicationObjectView", "", 1)["WPFObject"]("Grid", "", 1)["WPFObject"]("BusyIndicator", "", 1)["WPFObject"]("dataGrid")["WPFObject"]("DataGridRow", "", 141)["WPFObject"]("DataGridCell", "", 1)</objectPath>
    <xPath />
  </testSteps>
  <testSteps>
    <stepDescription>Click on Actions  in the Screen Name dropdown in the Objects Page</stepDescription>
    <stepNumber>5</stepNumber>
    <actionName>Click</actionName>
    <objectName>Screen Name dropdown</objectName>
    <screenName>Objects</screenName>
    <inputData>Create Test Suite Popup</inputData>
    <objectPath>Sys["Process"]("RTA.Client")["WPFObject"]("HwndSource: PopupRoot", "")["WPFObject"]("PopupRoot", "", 1)["WPFObject"]("Decorator", "", 1)["WPFObject"]("NonLogicalAdornerDecorator", "", 1)["WPFObject"]("ComboBoxItem", "", 19)["WPFObject"]("Label", "Create Test Suite Popup", 1)</objectPath>
    <xPath />
  </testSteps>
  <testSteps>
    <stepDescription>Click on Save button in the Objects Page</stepDescription>
    <stepNumber>6</stepNumber>
    <actionName>Click</actionName>
    <objectName>Save</objectName>
    <screenName>Objects</screenName>
    <inputData>button</inputData>
    <objectPath>Sys["Process"]("RTA.Client")["WPFObject"]("HwndSource: window")["WPFObject"]("window")["WPFObject"]("ScrollViewer", "", 1)["WPFObject"]("BusyIndicator", "", 1)["WPFObject"]("Grid", "", 1)["WPFObject"]("Grid", "", 1)["WPFObject"]("ContentControl", "", 2)["WPFObject"]("ApplicationObjectView", "", 1)["WPFObject"]("Grid", "", 1)["WPFObject"]("StackPanel", "", 2)["WPFObject"]("Button", "Save", 1)</objectPath>
    <xPath />
  </testSteps>
  <testSteps>
    <stepDescription>Click Close button in the Successfull Popup Page</stepDescription>
    <stepNumber>7</stepNumber>
    <actionName>Click</actionName>
    <objectName>Close</objectName>
    <screenName>Successfull Popup</screenName>
    <inputData></inputData>
    <objectPath>Sys["Process"]("RTA.Client")["WPFObject"]("HwndSource: NotificationsWindow", "NotificationsWindow", 1)["WPFObject"]("NotificationsWindow", "NotificationsWindow", 1)["WPFObject"]("Grid", "", 1)["WPFObject"]("NotificationsList")["WPFObject"]("InformationDisplayPart", "", 1)["WPFObject"]("ContentWrapper")["WPFObject"]("ContentContainer")["WPFObject"]("CloseButton")</objectPath>
    <xPath />
  </testSteps>
</root_x0020_>