﻿<?xml version="1.0" encoding="utf-8"?>
<root_x0020_>
  <id>6e32730b-8477-4a0d-9dae-83fc55ffa4f8</id>
  <testCaseId />
  <testCaseName>Search Screen Name</testCaseName>
  <testSuiteName>RTA_Screens_Smoke</testSuiteName>
  <testSource>EXCEL</testSource>
  <testSteps>
    <stepDescription>Click on Define Expand buttonin the RTA Left Navigation</stepDescription>
    <stepNumber>1</stepNumber>
    <actionName>Click</actionName>
    <objectName>Define Expand</objectName>
    <screenName>RTA Left Navigation</screenName>
    <inputData>button</inputData>
    <objectPath>Sys["Process"]("RTA.Client")["WPFObject"]("HwndSource: window")["WPFObject"]("window")["WPFObject"]("ScrollViewer", "", 1)["WPFObject"]("BusyIndicator", "", 1)["WPFObject"]("Grid", "", 1)["WPFObject"]("ContentControl", "", 1)["WPFObject"]("NavigationHierarchyView", "", 1)["WPFObject"]("Grid", "", 1)["WPFObject"]("StackPanel", "", 2)["WPFObject"]("myTreeView")["WPFObject"]("TreeViewItem", "", 2)["WPFObject"]("ContentPresenter", "", 1)</objectPath>
    <xPath />
  </testSteps>
  <testSteps>
    <stepDescription>Click on Screens in the RTA Left Navigation</stepDescription>
    <stepNumber>2</stepNumber>
    <actionName>Click</actionName>
    <objectName>Screens</objectName>
    <screenName>RTA Left Navigation</screenName>
    <inputData>on</inputData>
    <objectPath>Sys["Process"]("RTA.Client")["WPFObject"]("HwndSource: window")["WPFObject"]("window")["WPFObject"]("ScrollViewer", "", 1)["WPFObject"]("BusyIndicator", "", 1)["WPFObject"]("Grid", "", 1)["WPFObject"]("ContentControl", "", 1)["WPFObject"]("NavigationHierarchyView", "", 1)["WPFObject"]("Grid", "", 1)["WPFObject"]("StackPanel", "", 2)["WPFObject"]("myTreeView")["WPFObject"]("TreeViewItem", "", 2)["WPFObject"]("TreeViewItem", "", 2)</objectPath>
    <xPath />
  </testSteps>
  <testSteps>
    <stepDescription>Click on Search field in the Screens Page</stepDescription>
    <stepNumber>3</stepNumber>
    <actionName>Click</actionName>
    <objectName>Search</objectName>
    <screenName>Screens</screenName>
    <inputData></inputData>
    <objectPath>Sys["Process"]("RTA.Client")["WPFObject"]("HwndSource: window")["WPFObject"]("window")["WPFObject"]("ScrollViewer", "", 1)["WPFObject"]("BusyIndicator", "", 1)["WPFObject"]("Grid", "", 1)["WPFObject"]("Grid", "", 1)["WPFObject"]("ContentControl", "", 2)["WPFObject"]("ScreenView", "", 1)["WPFObject"]("Grid", "", 1)["WPFObject"]("StackPanel", "", 1)["WPFObject"]("TextBox", "", 1)</objectPath>
    <xPath />
  </testSteps>
  <testSteps>
    <stepDescription>Enter "Login" in the Search fied in the Screens Page</stepDescription>
    <stepNumber>4</stepNumber>
    <actionName>Enter</actionName>
    <objectName>Search</objectName>
    <screenName>Screens</screenName>
    <inputData>Log in</inputData>
    <objectPath>Sys["Process"]("RTA.Client")["WPFObject"]("HwndSource: window")["WPFObject"]("window")["WPFObject"]("ScrollViewer", "", 1)["WPFObject"]("BusyIndicator", "", 1)["WPFObject"]("Grid", "", 1)["WPFObject"]("Grid", "", 1)["WPFObject"]("ContentControl", "", 2)["WPFObject"]("ScreenView", "", 1)["WPFObject"]("Grid", "", 1)["WPFObject"]("StackPanel", "", 1)["WPFObject"]("TextBox", "", 1)</objectPath>
    <xPath />
  </testSteps>
  <testSteps>
    <stepDescription>Verify on Screen Name "Login" in the Screens Page</stepDescription>
    <stepNumber>5</stepNumber>
    <actionName>Verify</actionName>
    <objectName>Screen Name</objectName>
    <screenName>Screens</screenName>
    <inputData>Login</inputData>
    <objectPath>Sys["Process"]("RTA.Client")["WPFObject"]("HwndSource: window")["WPFObject"]("window")["WPFObject"]("ScrollViewer", "", 1)["WPFObject"]("BusyIndicator", "", 1)["WPFObject"]("Grid", "", 1)["WPFObject"]("Grid", "", 1)["WPFObject"]("ContentControl", "", 2)["WPFObject"]("ScreenView", "", 1)["WPFObject"]("Grid", "", 1)["WPFObject"]("BusyIndicator", "", 1)["WPFObject"]("dataGrid")["WPFObject"]("DataGridRow", "", 1)["WPFObject"]("DataGridCell", "Log in", 1)["WPFObject"]("TextBlock", "Log in", 1)</objectPath>
    <xPath />
  </testSteps>
</root_x0020_>