﻿<?xml version="1.0" encoding="utf-8"?>
<root_x0020_>
  <id>eda14034-24cd-46be-932e-92e455c4ac3d</id>
  <testCaseId />
  <testCaseName>Log in as new user</testCaseName>
  <testSuiteName>User Management</testSuiteName>
  <testSource>EXCEL</testSource>
  <testSteps>
    <stepDescription>Click on User Name field in the Log in Page</stepDescription>
    <stepNumber>1</stepNumber>
    <actionName>Click</actionName>
    <objectName>User Name</objectName>
    <screenName>Log in</screenName>
    <inputData>field</inputData>
    <objectPath>Sys["Process"]("RTA.Client")["WPFObject"]("HwndSource: DialogWindow", "RTA - Log In")["WPFObject"]("DialogWindow", "RTA - Log In", 1)["WPFObject"]("LogInView", "", 1)["WPFObject"]("ScrollViewer", "", 1)["WPFObject"]("BusyIndicator", "", 1)["WPFObject"]("Grid", "", 1)["WPFObject"]("Border", "", 1)["WPFObject"]("Grid", "", 1)["WPFObject"]("StackPanel", "", 1)["WPFObject"]("TextBox", "", 1)</objectPath>
    <xPath />
  </testSteps>
  <testSteps>
    <stepDescription>Enter User Name "test" in the Log in Page</stepDescription>
    <stepNumber>2</stepNumber>
    <actionName>Enter</actionName>
    <objectName>User Name</objectName>
    <screenName>Log in</screenName>
    <inputData>test1</inputData>
    <objectPath>Sys["Process"]("RTA.Client")["WPFObject"]("HwndSource: DialogWindow", "RTA - Log In")["WPFObject"]("DialogWindow", "RTA - Log In", 1)["WPFObject"]("LogInView", "", 1)["WPFObject"]("ScrollViewer", "", 1)["WPFObject"]("BusyIndicator", "", 1)["WPFObject"]("Grid", "", 1)["WPFObject"]("Border", "", 1)["WPFObject"]("Grid", "", 1)["WPFObject"]("StackPanel", "", 1)["WPFObject"]("TextBox", "", 1)</objectPath>
    <xPath />
  </testSteps>
  <testSteps>
    <stepDescription>Click on Password field in the Log in Page</stepDescription>
    <stepNumber>3</stepNumber>
    <actionName>Click</actionName>
    <objectName>Password</objectName>
    <screenName>Log in</screenName>
    <inputData>field</inputData>
    <objectPath>Sys["Process"]("RTA.Client")["WPFObject"]("HwndSource: DialogWindow", "RTA - Log In")["WPFObject"]("DialogWindow", "RTA - Log In", 1)["WPFObject"]("LogInView", "", 1)["WPFObject"]("ScrollViewer", "", 1)["WPFObject"]("BusyIndicator", "", 1)["WPFObject"]("Grid", "", 1)["WPFObject"]("Border", "", 1)["WPFObject"]("Grid", "", 1)["WPFObject"]("StackPanel", "", 2)["WPFObject"]("PasswordBox", "", 1)</objectPath>
    <xPath />
  </testSteps>
  <testSteps>
    <stepDescription>Enter Password "1234" in the Log in Page</stepDescription>
    <stepNumber>4</stepNumber>
    <actionName>Enter</actionName>
    <objectName>Password</objectName>
    <screenName>Log in</screenName>
    <inputData>1234</inputData>
    <objectPath>Sys["Process"]("RTA.Client")["WPFObject"]("HwndSource: DialogWindow", "RTA - Log In")["WPFObject"]("DialogWindow", "RTA - Log In", 1)["WPFObject"]("LogInView", "", 1)["WPFObject"]("ScrollViewer", "", 1)["WPFObject"]("BusyIndicator", "", 1)["WPFObject"]("Grid", "", 1)["WPFObject"]("Border", "", 1)["WPFObject"]("Grid", "", 1)["WPFObject"]("StackPanel", "", 2)["WPFObject"]("PasswordBox", "", 1)</objectPath>
    <xPath />
  </testSteps>
  <testSteps>
    <stepDescription>Click on Log in button in the Log in Page</stepDescription>
    <stepNumber>5</stepNumber>
    <actionName>Click</actionName>
    <objectName>Log in</objectName>
    <screenName>Log in</screenName>
    <inputData>button</inputData>
    <objectPath>Sys["Process"]("RTA.Client")["WPFObject"]("HwndSource: DialogWindow", "RTA - Log In")["WPFObject"]("DialogWindow", "RTA - Log In", 1)["WPFObject"]("LogInView", "", 1)["WPFObject"]("ScrollViewer", "", 1)["WPFObject"]("BusyIndicator", "", 1)["WPFObject"]("Grid", "", 1)["WPFObject"]("Border", "", 1)["WPFObject"]("Grid", "", 1)["WPFObject"]("Button", "Log in", 1)</objectPath>
    <xPath />
  </testSteps>
  <testSteps>
    <stepDescription>Click on New Password field in the Reset Password Page</stepDescription>
    <stepNumber>6</stepNumber>
    <actionName>Click</actionName>
    <objectName>New Password</objectName>
    <screenName>Reset Password</screenName>
    <inputData>field</inputData>
    <objectPath>Sys["Process"]("RTA.Client")["WPFObject"]("HwndSource: DialogWindow", "")["WPFObject"]("DialogWindow", "", 1)["WPFObject"]("ResetPasswordView", "", 1)["WPFObject"]("ScrollViewer", "", 1)["WPFObject"]("BusyIndicator", "", 1)["WPFObject"]("Grid", "", 1)["WPFObject"]("Border", "", 1)["WPFObject"]("Grid", "", 1)["WPFObject"]("StackPanel", "", 1)["WPFObject"]("PasswordBox", "", 1)</objectPath>
    <xPath />
  </testSteps>
  <testSteps>
    <stepDescription>Enter New Password "12345" in the  Reset Password Page</stepDescription>
    <stepNumber>7</stepNumber>
    <actionName>Enter</actionName>
    <objectName>New Password</objectName>
    <screenName>Reset Password</screenName>
    <inputData>12345</inputData>
    <objectPath>Sys["Process"]("RTA.Client")["WPFObject"]("HwndSource: DialogWindow", "")["WPFObject"]("DialogWindow", "", 1)["WPFObject"]("ResetPasswordView", "", 1)["WPFObject"]("ScrollViewer", "", 1)["WPFObject"]("BusyIndicator", "", 1)["WPFObject"]("Grid", "", 1)["WPFObject"]("Border", "", 1)["WPFObject"]("Grid", "", 1)["WPFObject"]("StackPanel", "", 1)["WPFObject"]("PasswordBox", "", 1)</objectPath>
    <xPath />
  </testSteps>
  <testSteps>
    <stepDescription>Click on Confirm Password field in the Reset Password Page</stepDescription>
    <stepNumber>8</stepNumber>
    <actionName>Click</actionName>
    <objectName>Confirm Password</objectName>
    <screenName>Reset Password</screenName>
    <inputData>field</inputData>
    <objectPath>Sys["Process"]("RTA.Client")["WPFObject"]("HwndSource: DialogWindow", "")["WPFObject"]("DialogWindow", "", 1)["WPFObject"]("ResetPasswordView", "", 1)["WPFObject"]("ScrollViewer", "", 1)["WPFObject"]("BusyIndicator", "", 1)["WPFObject"]("Grid", "", 1)["WPFObject"]("Border", "", 1)["WPFObject"]("Grid", "", 1)["WPFObject"]("StackPanel", "", 2)["WPFObject"]("PasswordBox", "", 1)</objectPath>
    <xPath />
  </testSteps>
  <testSteps>
    <stepDescription>Enter Confirm Password "12345" in the Reset Password Page</stepDescription>
    <stepNumber>9</stepNumber>
    <actionName>Enter</actionName>
    <objectName>Confirm Password</objectName>
    <screenName>Reset Password</screenName>
    <inputData>12345</inputData>
    <objectPath>Sys["Process"]("RTA.Client")["WPFObject"]("HwndSource: DialogWindow", "")["WPFObject"]("DialogWindow", "", 1)["WPFObject"]("ResetPasswordView", "", 1)["WPFObject"]("ScrollViewer", "", 1)["WPFObject"]("BusyIndicator", "", 1)["WPFObject"]("Grid", "", 1)["WPFObject"]("Border", "", 1)["WPFObject"]("Grid", "", 1)["WPFObject"]("StackPanel", "", 2)["WPFObject"]("PasswordBox", "", 1)</objectPath>
    <xPath />
  </testSteps>
  <testSteps>
    <stepDescription>Click on Save button in the Reset Password Page</stepDescription>
    <stepNumber>10</stepNumber>
    <actionName>Click</actionName>
    <objectName>Save</objectName>
    <screenName>Reset Password</screenName>
    <inputData>button</inputData>
    <objectPath>Sys["Process"]("RTA.Client")["WPFObject"]("HwndSource: DialogWindow", "")["WPFObject"]("DialogWindow", "", 1)["WPFObject"]("ResetPasswordView", "", 1)["WPFObject"]("ScrollViewer", "", 1)["WPFObject"]("BusyIndicator", "", 1)["WPFObject"]("Grid", "", 1)["WPFObject"]("Border", "", 1)["WPFObject"]("Grid", "", 1)["WPFObject"]("Button", "Save", 1)</objectPath>
    <xPath />
  </testSteps>
</root_x0020_>