﻿<?xml version="1.0" encoding="utf-8"?>
<root_x0020_>
  <id>2df8bb43-ca22-476b-a727-d783b5301b5e</id>
  <testCaseId />
  <testCaseName>Make user account inactive</testCaseName>
  <testSuiteName>User Management</testSuiteName>
  <testSource>EXCEL</testSource>
  <testSteps>
    <stepDescription>Click on User Name field in the Log in Page</stepDescription>
    <stepNumber>1</stepNumber>
    <actionName>Click</actionName>
    <objectName>User Name</objectName>
    <screenName>Log in</screenName>
    <inputData>field</inputData>
    <objectPath>Sys["Process"]("RTA.Client")["WPFObject"]("HwndSource: DialogWindow", "RTA - Log In")["WPFObject"]("DialogWindow", "RTA - Log In", 1)["WPFObject"]("LogInView", "", 1)["WPFObject"]("ScrollViewer", "", 1)["WPFObject"]("BusyIndicator", "", 1)["WPFObject"]("Grid", "", 1)["WPFObject"]("Border", "", 1)["WPFObject"]("Grid", "", 1)["WPFObject"]("StackPanel", "", 1)["WPFObject"]("TextBox", "", 1)</objectPath>
    <xPath />
  </testSteps>
  <testSteps>
    <stepDescription>Enter User Name "admin" in the Log in Page</stepDescription>
    <stepNumber>2</stepNumber>
    <actionName>Enter</actionName>
    <objectName>User Name</objectName>
    <screenName>Log in</screenName>
    <inputData>admin</inputData>
    <objectPath>Sys["Process"]("RTA.Client")["WPFObject"]("HwndSource: DialogWindow", "RTA - Log In")["WPFObject"]("DialogWindow", "RTA - Log In", 1)["WPFObject"]("LogInView", "", 1)["WPFObject"]("ScrollViewer", "", 1)["WPFObject"]("BusyIndicator", "", 1)["WPFObject"]("Grid", "", 1)["WPFObject"]("Border", "", 1)["WPFObject"]("Grid", "", 1)["WPFObject"]("StackPanel", "", 1)["WPFObject"]("TextBox", "", 1)</objectPath>
    <xPath />
  </testSteps>
  <testSteps>
    <stepDescription>Click on Password field in the Log in Page</stepDescription>
    <stepNumber>3</stepNumber>
    <actionName>Click</actionName>
    <objectName>Password</objectName>
    <screenName>Log in</screenName>
    <inputData>field</inputData>
    <objectPath>Sys["Process"]("RTA.Client")["WPFObject"]("HwndSource: DialogWindow", "RTA - Log In")["WPFObject"]("DialogWindow", "RTA - Log In", 1)["WPFObject"]("LogInView", "", 1)["WPFObject"]("ScrollViewer", "", 1)["WPFObject"]("BusyIndicator", "", 1)["WPFObject"]("Grid", "", 1)["WPFObject"]("Border", "", 1)["WPFObject"]("Grid", "", 1)["WPFObject"]("StackPanel", "", 2)["WPFObject"]("PasswordBox", "", 1)</objectPath>
    <xPath />
  </testSteps>
  <testSteps>
    <stepDescription>Enter Password "admin" in the Log in Page</stepDescription>
    <stepNumber>4</stepNumber>
    <actionName>Enter</actionName>
    <objectName>Password</objectName>
    <screenName>Log in</screenName>
    <inputData>admin</inputData>
    <objectPath>Sys["Process"]("RTA.Client")["WPFObject"]("HwndSource: DialogWindow", "RTA - Log In")["WPFObject"]("DialogWindow", "RTA - Log In", 1)["WPFObject"]("LogInView", "", 1)["WPFObject"]("ScrollViewer", "", 1)["WPFObject"]("BusyIndicator", "", 1)["WPFObject"]("Grid", "", 1)["WPFObject"]("Border", "", 1)["WPFObject"]("Grid", "", 1)["WPFObject"]("StackPanel", "", 2)["WPFObject"]("PasswordBox", "", 1)</objectPath>
    <xPath />
  </testSteps>
  <testSteps>
    <stepDescription>Click on Log in button in the Log in Page</stepDescription>
    <stepNumber>5</stepNumber>
    <actionName>Click</actionName>
    <objectName>Log in</objectName>
    <screenName>Log in</screenName>
    <inputData>button</inputData>
    <objectPath>Sys["Process"]("RTA.Client")["WPFObject"]("HwndSource: DialogWindow", "RTA - Log In")["WPFObject"]("DialogWindow", "RTA - Log In", 1)["WPFObject"]("LogInView", "", 1)["WPFObject"]("ScrollViewer", "", 1)["WPFObject"]("BusyIndicator", "", 1)["WPFObject"]("Grid", "", 1)["WPFObject"]("Border", "", 1)["WPFObject"]("Grid", "", 1)["WPFObject"]("Button", "Log in", 1)</objectPath>
    <xPath />
  </testSteps>
  <testSteps>
    <stepDescription>Click on ConfigureExpand button in the RTA Left Navigation</stepDescription>
    <stepNumber>6</stepNumber>
    <actionName>Click</actionName>
    <objectName>Configure</objectName>
    <screenName>RTA Left Navigation</screenName>
    <inputData></inputData>
    <objectPath>Sys["Process"]("RTA.Client")["WPFObject"]("HwndSource: window")["WPFObject"]("window")["WPFObject"]("ScrollViewer", "", 1)["WPFObject"]("BusyIndicator", "", 1)["WPFObject"]("Grid", "", 1)["WPFObject"]("ContentControl", "", 1)["WPFObject"]("NavigationHierarchyView", "", 1)["WPFObject"]("Grid", "", 1)["WPFObject"]("StackPanel", "", 2)["WPFObject"]("myTreeView")["WPFObject"]("TreeViewItem", "", 1)["WPFObject"]("ContentPresenter", "", 1)</objectPath>
    <xPath />
  </testSteps>
  <testSteps>
    <stepDescription>Click on User Management in the RTA Left Navigation</stepDescription>
    <stepNumber>7</stepNumber>
    <actionName>Click</actionName>
    <objectName>User Management</objectName>
    <screenName>RTA Left Navigation</screenName>
    <inputData>on</inputData>
    <objectPath>Sys["Process"]("RTA.Client")["WPFObject"]("HwndSource: window")["WPFObject"]("window")["WPFObject"]("ScrollViewer", "", 1)["WPFObject"]("BusyIndicator", "", 1)["WPFObject"]("Grid", "", 1)["WPFObject"]("ContentControl", "", 1)["WPFObject"]("NavigationHierarchyView", "", 1)["WPFObject"]("Grid", "", 1)["WPFObject"]("StackPanel", "", 2)["WPFObject"]("myTreeView")["WPFObject"]("TreeViewItem", "", 1)["WPFObject"]("TreeViewItem", "", 1)</objectPath>
    <xPath />
  </testSteps>
  <testSteps>
    <stepDescription>Click on "Sheba R" in User Details in the User Management Page</stepDescription>
    <stepNumber>8</stepNumber>
    <actionName>Click</actionName>
    <objectName>User Details</objectName>
    <screenName>User Management</screenName>
    <inputData>on "Sheba R" in</inputData>
    <objectPath>Sys["Process"]("RTA.Client")["WPFObject"]("HwndSource: window")["WPFObject"]("window")["WPFObject"]("ScrollViewer", "", 1)["WPFObject"]("BusyIndicator", "", 1)["WPFObject"]("Grid", "", 1)["WPFObject"]("Grid", "", 1)["WPFObject"]("ContentControl", "", 2)["WPFObject"]("UserManagementView", "", 1)["WPFObject"]("Grid", "", 1)["WPFObject"]("Border", "", 1)["WPFObject"]("Grid", "", 1)["WPFObject"]("dataGrid")["WPFObject"]("DataGridRow", "", 2)["WPFObject"]("DataGridCell", "Sheba", 1)["WPFObject"]("TextBlock", "Sheba", 1)</objectPath>
    <xPath />
  </testSteps>
  <testSteps>
    <stepDescription>Uncheck Active Checkbox in the User Management Page</stepDescription>
    <stepNumber>9</stepNumber>
    <actionName>Uncheck</actionName>
    <objectName>Active Checkbox</objectName>
    <screenName>User Management</screenName>
    <inputData></inputData>
    <objectPath>Sys["Process"]("RTA.Client")["WPFObject"]("HwndSource: window")["WPFObject"]("window")["WPFObject"]("ScrollViewer", "", 1)["WPFObject"]("BusyIndicator", "", 1)["WPFObject"]("Grid", "", 1)["WPFObject"]("Grid", "", 1)["WPFObject"]("ContentControl", "", 2)["WPFObject"]("UserManagementView", "", 1)["WPFObject"]("Grid", "", 1)["WPFObject"]("Border", "", 1)["WPFObject"]("Grid", "", 1)["WPFObject"]("Grid", "", 1)["WPFObject"]("StackPanel", "", 6)["WPFObject"]("CheckBox", "", 1)</objectPath>
    <xPath />
  </testSteps>
  <testSteps>
    <stepDescription>Click on Save button in the User Management Page</stepDescription>
    <stepNumber>10</stepNumber>
    <actionName>Click</actionName>
    <objectName>Save</objectName>
    <screenName>User Management</screenName>
    <inputData>button</inputData>
    <objectPath>Sys["Process"]("RTA.Client")["WPFObject"]("HwndSource: window")["WPFObject"]("window")["WPFObject"]("ScrollViewer", "", 1)["WPFObject"]("BusyIndicator", "", 1)["WPFObject"]("Grid", "", 1)["WPFObject"]("Grid", "", 1)["WPFObject"]("ContentControl", "", 2)["WPFObject"]("UserManagementView", "", 1)["WPFObject"]("Grid", "", 1)["WPFObject"]("StackPanel", "", 1)["WPFObject"]("Button", "Save", 1)</objectPath>
    <xPath />
  </testSteps>
  <testSteps>
    <stepDescription>Click Close button in the Successfull Popup Page</stepDescription>
    <stepNumber>11</stepNumber>
    <actionName>Click</actionName>
    <objectName>Close</objectName>
    <screenName>Successfull Popup</screenName>
    <inputData></inputData>
    <objectPath>Sys["Process"]("RTA.Client")["WPFObject"]("HwndSource: NotificationsWindow", "NotificationsWindow", 1)["WPFObject"]("NotificationsWindow", "NotificationsWindow", 1)["WPFObject"]("Grid", "", 1)["WPFObject"]("NotificationsList")["WPFObject"]("InformationDisplayPart", "", 1)["WPFObject"]("ContentWrapper")["WPFObject"]("ContentContainer")["WPFObject"]("CloseButton")["WPFObject"]("Rectangle", "", 1)</objectPath>
    <xPath />
  </testSteps>
</root_x0020_>