﻿<?xml version="1.0" encoding="utf-8"?>
<root_x0020_>
  <id>c22b2c6b-9184-4e7a-a24d-083039afdbbd</id>
  <testCaseId />
  <testCaseName>Prevent inactive user to not login to the application</testCaseName>
  <testSuiteName>User_Management</testSuiteName>
  <testSource>EXCEL</testSource>
  <testSteps>
    <stepDescription>Click on User Name field in the Log in Page</stepDescription>
    <stepNumber>1</stepNumber>
    <actionName>Click</actionName>
    <objectName>User Name</objectName>
    <screenName>Log in</screenName>
    <inputData></inputData>
    <objectPath>Sys["Process"]("RTA.Client")["WPFObject"]("HwndSource: DialogWindow", "RTA - Log In")["WPFObject"]("DialogWindow", "RTA - Log In", 1)["WPFObject"]("LogInView", "", 1)["WPFObject"]("ScrollViewer", "", 1)["WPFObject"]("BusyIndicator", "", 1)["WPFObject"]("Grid", "", 1)["WPFObject"]("Border", "", 1)["WPFObject"]("Grid", "", 1)["WPFObject"]("StackPanel", "", 1)["WPFObject"]("TextBox", "", 1)</objectPath>
    <xPath />
  </testSteps>
  <testSteps>
    <stepDescription>Enter user Name "Sheba R" in the Log in Page</stepDescription>
    <stepNumber>2</stepNumber>
    <actionName>Enter</actionName>
    <objectName></objectName>
    <screenName>Log in</screenName>
    <inputData>Sheba</inputData>
    <objectPath>Sys["Process"]("RTA.Client")["WPFObject"]("HwndSource: DialogWindow", "RTA - Log In")["WPFObject"]("DialogWindow", "RTA - Log In", 1)["WPFObject"]("LogInView", "", 1)["WPFObject"]("ScrollViewer", "", 1)["WPFObject"]("BusyIndicator", "", 1)["WPFObject"]("Grid", "", 1)["WPFObject"]("Border", "", 1)["WPFObject"]("Grid", "", 1)["WPFObject"]("StackPanel", "", 1)["WPFObject"]("TextBox", "", 1)</objectPath>
    <xPath></xPath>
  </testSteps>
  <testSteps>
    <stepDescription>Click on Password field in the Log in Page</stepDescription>
    <stepNumber>3</stepNumber>
    <actionName>Click</actionName>
    <objectName>Password</objectName>
    <screenName>Log in</screenName>
    <inputData>field</inputData>
    <objectPath>Sys["Process"]("RTA.Client")["WPFObject"]("HwndSource: DialogWindow", "RTA - Log In")["WPFObject"]("DialogWindow", "RTA - Log In", 1)["WPFObject"]("LogInView", "", 1)["WPFObject"]("ScrollViewer", "", 1)["WPFObject"]("BusyIndicator", "", 1)["WPFObject"]("Grid", "", 1)["WPFObject"]("Border", "", 1)["WPFObject"]("Grid", "", 1)["WPFObject"]("StackPanel", "", 2)["WPFObject"]("PasswordBox", "", 1)</objectPath>
    <xPath />
  </testSteps>
  <testSteps>
    <stepDescription>Enter Password "12345" in the Log in Page</stepDescription>
    <stepNumber>4</stepNumber>
    <actionName>Enter</actionName>
    <objectName>Password</objectName>
    <screenName>Log in</screenName>
    <inputData>12345</inputData>
    <objectPath>Sys["Process"]("RTA.Client")["WPFObject"]("HwndSource: DialogWindow", "RTA - Log In")["WPFObject"]("DialogWindow", "RTA - Log In", 1)["WPFObject"]("LogInView", "", 1)["WPFObject"]("ScrollViewer", "", 1)["WPFObject"]("BusyIndicator", "", 1)["WPFObject"]("Grid", "", 1)["WPFObject"]("Border", "", 1)["WPFObject"]("Grid", "", 1)["WPFObject"]("StackPanel", "", 2)["WPFObject"]("PasswordBox", "", 1)</objectPath>
    <xPath />
  </testSteps>
  <testSteps>
    <stepDescription>Click on Log in button in the Log in Page</stepDescription>
    <stepNumber>5</stepNumber>
    <actionName>Click</actionName>
    <objectName>Log in</objectName>
    <screenName>Log in</screenName>
    <inputData>button</inputData>
    <objectPath>Sys["Process"]("RTA.Client")["WPFObject"]("HwndSource: DialogWindow", "RTA - Log In")["WPFObject"]("DialogWindow", "RTA - Log In", 1)["WPFObject"]("LogInView", "", 1)["WPFObject"]("ScrollViewer", "", 1)["WPFObject"]("BusyIndicator", "", 1)["WPFObject"]("Grid", "", 1)["WPFObject"]("Border", "", 1)["WPFObject"]("Grid", "", 1)["WPFObject"]("Button", "Log in", 1)</objectPath>
    <xPath />
  </testSteps>
</root_x0020_>